_id,channel_name,datetime
605525148c8cdf3a50b7d120,lovestorm_people,2020-08-24 15:32:51
6057d6dbcca93657a93bdce6,indigo_kinder,2020-11-16 20:56:49
6054c7ba7a7572d6fbfd6c88,augsburg_unmaskiert,2021-01-17 09:56:36
6054f320ebc37775aeb7d2a7,cdc_diebasis_podcast,2021-03-11 12:47:03
605460bb38259c4d2c383945,frmawa,2020-09-22 19:31:38
60545eceac3cb5ae0f38257d,dubistfrei,2021-01-14 15:48:56
60534b55a0b1823404c0ea32,islamistenjaeger,2021-02-07 07:18:21
60539708d1cd8c06a0c0fbae,cryptonewsdeutsch,2019-12-17 15:32:12
6057708c9f19de0b8260cd76,regsprecher,2020-05-06 10:59:24
6051ffcc3e09b72d0a4505a8,derdritteweg,2019-04-15 18:27:03
605201dc7fbae38655452326,einzelfallinfos,2020-08-10 21:08:29
60529c0b48e9d179c19560ff,virus_info,2020-06-21 09:51:52
6055ca6b2664fe1761d9fa73,abendlanddeutschland,2020-03-13 12:24:24
605712191debb4b6d37382b3,thestormistrue,2020-09-29 21:59:59
60548eb592c52865064d430a,contracoma,2020-06-24 21:54:35
605623ced5f593f0cbd9f127,gopalnorbertklein,2020-01-29 12:52:11
6055ba88ff0b2e8513d9f7f0,kesselbunte,2020-10-29 08:39:51
60521a50e22eda1ba8454ea8,buergerinformative,2019-08-18 14:04:39
60535da0ea2ac79c73c0ea8e,deutschedichter,2020-03-27 21:06:16
6052356606ebe0df152fa1e5,nocoincidence,2020-11-25 17:51:47
60591f4d1a2bbf0870368268,infokanalaussachsen,2020-08-30 13:13:00
60531fde624ac66058c0fc61,lockdownistfreiheitsberaubung,2020-12-14 09:10:26
6054ea82eac00755ecb7f4bd,untersbergspiritinfo,2020-08-23 19:56:34
60535d8d1c68df63bac0e9fd,thirdeyelove,2020-11-12 10:11:37
605200745c9a117ec745098f,evahermanoffiziell,2021-01-28 13:19:49
6055c9142b6457af8bd9eab4,einerfueralle_allefuereinen,2020-09-29 13:16:56
6056190c9106956f93da2523,unzensiert,2020-07-02 14:18:20
60537a42e7b0947e37c0f28a,patriot_bayern,2020-10-30 00:00:28
6059a07c9b46b76342366238,jewrassicliars,2021-02-21 22:02:52
6056430c1629ecc270d9f6ff,impulseundenergienderneuenzeit,2020-11-13 19:30:32
605343cba545a1c577c1027f,neuemedientv,2020-10-06 19:51:14
60583428f461cd554c3bca8c,bewusst_vegan_froh,2020-08-14 10:05:19
6052014c92c67d3aac451262,info_direkt,2019-09-23 09:43:46
605238d2aa21af7c4c2fc32b,diewahrheitundnurdiewahrheit,2020-08-10 14:12:57
6058cfed746b3eeab636647c,positive_impulse,2020-11-25 06:36:41
605804b7cfc620678c3c15db,olivesenst,2019-12-12 15:13:09
6057765443cddce45a6130ab,rtdeutsch,2019-04-04 16:51:18
6055c9402b6457af8bd9ec88,einerfueralle_allefuereinen,2020-08-11 20:05:13
6055baf503a8cf1f93d9f913,mh171702q2q,2021-01-13 18:14:30
605711828b45cd60f4737d5c,zusammenfuehrer,2020-11-20 19:51:39
60572cdbd81900375dc95930,tagesschau24,2020-03-27 19:55:02
605373422cefbf6aafc108a8,corona_big_change,2020-05-20 13:33:41
6054da9de58b285749b7d320,defender2020kanal,2020-11-09 11:05:55
6053827b9a15d35bc1c15054,cdefghijkxxz,2020-05-21 13:50:50
60566aaa07fce2a71b2cfe70,infoquerbeet,2020-12-09 19:16:51
60531e582aa45f4e01c0ecea,informationsbecken,2020-12-28 23:34:48
605608859cc66ebe8fda7e74,join_platt_form_now,2019-10-06 22:13:46
6055fb5ef984e8fb7cd9ec43,vivoterra,2020-09-05 14:07:28
6057d54c71d548915f3bc7b4,diewacheninfranken,2021-01-10 02:33:08
605a101cd6e6b0adfe365f93,guideless,2021-01-19 11:26:12
605771d978cb8a651560d3e7,freidenkerin2021,2020-12-31 15:33:15
60572b0f06e5dfebd7c92d76,wissen,2021-01-10 09:25:54
6057b6c6757db7472e3bdc7f,freier_informationskanal,2021-01-17 20:26:47
605a2f268c2e185aef366011,konjunktiontelegram,2021-02-10 13:35:45
605202ff207466b93f451dc6,attilahildmann,2020-12-04 10:47:35
6057223b6f2d48dadbc91f55,der_postillon,2021-02-02 22:32:44
605374d2927325bd1fc11e3b,we_r_q,2020-09-13 23:12:37
6052020392c67d3aac4519e6,lutzbachmann,2021-01-18 13:55:02
6054983e5383265abd4d29e2,christophdeutschmanek001,2020-11-23 20:58:52
605510996f176aed66b82566,werner_altnickel_info,2020-07-10 06:43:12
6053a0689606dd3b4ec10487,deutschetagesnews,2020-02-12 21:12:22
60534bb1d10d3cd90ec0eb2c,truelife18,2020-11-15 17:52:39
6059fb97f36fe1208c366a3e,aufwachen369,2021-01-04 22:43:51
6053974a0018c6951ec0fe35,sandysteen1,2020-10-13 20:35:33
6057bc0e757db7472e3c13ad,freier_informationskanal,2020-10-23 21:17:07
605350f4a0b1823404c11b39,waternixe,2020-11-06 18:18:54
6057e1abb9f4b6f0b03bcf1b,demotickerberlin,2020-08-29 13:09:30
6055b9edff0b2e8513d9f246,kesselbunte,2020-12-10 08:44:18
6059ab2e13c2d72c71366abb,sissi_mueller2020,2020-12-12 01:27:14
6055de44f6bbcd7175da08e9,talawolf,2020-09-22 07:05:07
6055c96fe7e5c52235d9ec37,geheimnis_gesundheit,2021-01-17 07:57:29
60522202d2a3d121004533a7,qpluswatnn,2020-09-11 08:15:16
60576a3555896b759160c3da,fightfqrtrump,2021-02-20 13:08:03
60521e5a4578b950784507ff,conspiracyfactsdeutsch,2020-09-06 07:48:03
605326a17c76bebb9dc10b07,q_d_r_a,2020-12-04 20:36:08
605a011bb2b83bffcc367b21,qpaper_berlin,2020-12-04 18:23:04
60581547cb117eaf103bc5a8,querdenken_6341,2020-11-14 05:50:28
605527fc6e0fc844b3b7eca3,brd_rechtsgrundlagen,2020-08-14 12:43:55
60520466207466b93f452a2c,attilahildmann,2020-11-05 12:57:39
6055259ed8f0980e56b7d35b,adrenocrime,2021-01-22 15:59:47
60538b7ca4640d45b4c0ee0d,widerstandberlin,2020-02-20 07:54:44
6059c49f207245ee4c369374,channelwhatthafuq,2020-08-21 20:22:30
6055b9b9ff0b2e8513d9f00d,kesselbunte,2020-12-26 15:36:19
60560b9f9cc66ebe8fdaa5fe,join_platt_form_now,2019-03-09 10:53:09
60560e7d24a91ec648d9f7bc,newsbota1_bsa,2020-08-25 11:40:39
6053ab9b52f83dd341c0f015,tao_theorieallerordnung,2020-05-10 07:14:10
6053abe052f83dd341c0f2d1,tao_theorieallerordnung,2020-04-25 19:47:55
60588d7d8da43bae0f3682b3,qtest17,2020-12-12 14:56:47
6055f0fcc62e5066b3da1025,wahrheitoderwahnsinn,2020-09-20 14:57:42
60562a97bf4738d441d9ec88,rechtaufmeinung,2020-03-20 17:20:10
60551336dec323bc24b7d3be,wochenblick,2021-01-10 08:00:18
60548bde65a36e5f8f4d2358,clips79,2020-10-08 17:50:06
60572ac6d81900375dc938cd,tagesschau24,2020-10-21 15:15:03
60567e6f25a048e3cf2d020d,alldeutsch,2020-05-08 07:36:31
60538ae494e7d5a17dc0e9c2,gurkenpauleseinflugschneise,2021-03-09 15:10:18
60572d2e9500ba28c4c9499d,mahnmal,2020-08-29 15:54:01
60520681207466b93f453efb,attilahildmann,2020-09-22 11:37:22
6054ff1b2338f78026b7e8a3,scharfschuetzenbewegung1,2020-12-04 20:04:59
6057304206e5dfebd7c9688a,wissen,2020-07-01 17:03:48
60562b4a66e20f0e4cd9f201,coronaunddasaufwachen,2021-02-12 11:00:12
60521862e22eda1ba8453b2c,buergerinformative,2020-04-30 23:18:55
6057c2c0c792da6ba43be064,dwn_de,2020-04-29 14:09:21
605661a42f61b69ac6fb40fc,dtwahnsinn,2020-10-18 12:12:34
6054c09622c9e28c3bfda94f,marco_b_kanal,2020-07-16 15:56:46
6055e0dec54e862a1cda273f,verruecktesjahr202q,2020-10-17 05:02:21
60531443bde0a21f06c104f1,einsamerwanderer2019,2020-08-28 10:54:25
6055fb46c5c33e653ad9e9b0,schubertslm,2021-02-17 19:27:15
605476ca67e23e337f4d57d7,demokratieinwuerde,2019-11-27 15:50:38
605205a292c67d3aac4546e6,timmkellner,2020-12-21 18:11:17
6054734e2872b5a0cf4d1dac,attilahildmann_2,2021-03-12 16:20:19
6053883fed2127b15fc125c9,journalisten_watch,2019-07-31 17:00:26
6052005c1da6a54c2d450c16,compactmagazin,2019-08-15 21:32:07
60537bf8063524b4d7c0fc95,markus_lowien,2020-11-03 14:03:56
6054916d92c52865064d6a33,contracoma,2019-08-18 12:55:11
605a123025fa9d639c367238,patrioten_kanal,2020-11-20 12:46:38
6059aa0776e097046d3664af,diedritteoption,2021-02-08 15:11:13
6052159c95e206437d4520e3,xavier_naidoo,2020-06-10 14:42:53
605662e10258bd1b5efb5010,problembaer_info,2020-10-21 13:09:45
60522b1a821467233b44ff51,bewussttv,2020-07-30 17:24:11
6057223bb14d494bfdc92040,ungetruebtmedia,2021-03-13 20:43:08
6059ff72b2b83bffcc366d96,qpaper_berlin,2020-12-29 17:21:56
6055bad15365fd31c3d9f9a1,siegfrieddaebritz,2020-05-25 15:45:24
6057786adab7b6230460c442,info_berlin_brandenburg,2021-02-17 14:22:57
605770263bb6af174c60c6bc,wissenswerteinformation,2020-12-04 14:17:58
6056159c53fe0d218dda0e28,news_front_deutsch,2020-03-28 13:17:08
60534ea82e37b25760c117fc,pressecop24,2020-02-15 07:02:30
605616bf4a7c0d0e24da205f,behoerdenstress,2020-06-22 06:44:11
6058ba07cc353111573661d8,laut_er_staerke,2021-02-27 20:31:58
60560e4c855e11303fd9efa2,eszeitgut,2021-02-19 01:24:08
6057d762cca93657a93be102,indigo_kinder,2020-10-20 20:21:12
6054ff8a2b683ca215b7f047,augenaufaa,2020-12-19 07:02:45
60535da268351b185fc0e9cc,dsindf,2020-10-20 10:02:43
605204c07fbae386554559c2,einzelfallinfos,2019-09-13 16:50:32
60521a74e22eda1ba84550c4,buergerinformative,2019-07-31 00:02:48
60538baa3ccb27ee9ec0f145,aerzte,2021-01-25 18:29:04
60573c698be29f7c39c9234b,gruene_de,2020-04-23 12:41:02
605615df25573b5a60da174b,telepolis_de,2019-07-10 22:11:37
6054991607d21e5e634d2f4b,fr33dum_q,2020-09-17 10:41:11
60545e1167dd76819e381e21,lara2020eberbach,2020-10-06 12:16:22
6059ff3fb2b83bffcc366b7d,qpaper_berlin,2021-01-02 15:20:20
6054f31ccf50c45b36b7d403,michaelwendlerofficial,2021-03-02 16:42:37
60587b622413eb46c4368746,sozialismus_aktuell,2019-11-18 08:02:24
60552ba43df9ed0b73b83112,ntvde,2020-05-18 14:09:07
605792dacfc5295a5a60d69f,e_b_m_i,2019-10-13 18:46:23
60536537244ddc6faac0f4aa,spioniker,2020-08-13 13:27:32
6059719a169a8dec663687bf,hartmutlehmann_news_channel,2020-07-09 20:07:04
6052465b147925de232f8d79,gesammelte_werke,2021-03-11 14:33:25
60563e9df5a79c41add9f583,qdioten,2019-10-18 10:41:57
605491f892c52865064d721b,contracoma,2019-06-13 19:15:40
605202471da6a54c2d452398,schrangtv,2020-06-09 18:45:03
6058f62051642e7b0b366aab,q_erzgebirge_sachsen,2021-02-07 16:43:27
60573c7956d26cdee3c91fb0,wahrheitundklarheit,2021-03-12 22:39:54
60529b6f97647fc62d955ac3,libertas_corona_info,2021-02-18 08:53:02
6052024f5c9a117ec74521ef,evahermanoffiziell,2020-11-29 06:45:49
60552d413df9ed0b73b849bf,ntvde,2020-03-08 14:17:27
6058eb8d86f8c2ab0e366046,transinformation,2020-05-09 19:11:16
60538cada8bd4e6203c0fdcf,technicus_news,2021-01-06 17:25:53
60551687c68d86eb26b7eb15,oho11,2020-04-29 08:11:00
6051ffd1207466b93f44fe7e,attilahildmann,2021-02-10 16:30:14
60599feed1aafa6551366143,nachgedacht_neuewege,2021-02-27 06:49:36
60572c4e06e5dfebd7c93951,wissen,2020-12-02 12:26:17
6055fbe29cc66ebe8fd9eda4,join_platt_form_now,2021-02-28 18:40:22
605817c402a63e8c233bdf4f,nichtsalsdiewahrheit,2020-06-06 16:47:44
6055f076f32fa8b7ffda096a,the7even,2020-06-13 22:05:12
60521cf64e4194fed444fd7c,skototaxis,2021-03-04 17:13:17
6053291a172abe38c0c1211a,wim4u,2020-03-01 14:52:53
605606a39cc66ebe8fda66b9,join_platt_form_now,2020-02-11 23:43:56
6058c3f072037d40df36668a,corona_idiotie,2020-10-14 11:52:52
60531c0f2e85e08a9ac15205,qhammernews,2020-11-11 05:10:46
60522a5bc7a95c51dc44f6ab,vadderlands,2020-09-16 08:21:32
605962376ec80c07e2366126,covideothek,2021-03-01 10:34:56
60531f273f35da676dc0f686,echtenachrichten,2020-02-28 07:30:45
605751030208e24c6cc91ff6,nwohunter_an_die_nachwelt,2021-03-02 20:58:00
6058661e05437297043660ed,rolf_kron,2021-02-23 06:04:15
6056464c16ad4430e1fb3de7,freiheitsversammlung,2020-12-24 17:26:04
605a2f485c35f4872d3660de,marktplatzgd,2021-03-06 18:08:58
6058ec1fdef4afb2b03665e0,gezverbot,2020-09-26 19:39:46
60550e6c96cc72961fb8223f,wirtschaftsnews,2019-06-27 12:25:04
605a0783de26ef3a9b366bab,saraslightfight,2020-11-18 08:11:10
605815c99de3ffb8e03bca89,politikgame,2021-02-11 14:35:01
6058f9e851642e7b0b368a01,q_erzgebirge_sachsen,2020-09-02 15:59:13
60520a61207466b93f4574d9,attilahildmann,2020-06-21 18:53:30
60538dfea8bd4e6203c10bbd,technicus_news,2020-12-07 15:03:33
60560fcf56a8afb6b5d9fe7a,demos_st_wendel,2020-09-20 21:22:57
60548cf292c52865064d2ede,contracoma,2020-11-19 11:13:09
605227abd2a3d12100458aaa,qpluswatnn,2020-02-06 08:16:22
605a0947698947d01e366264,united_patriots,2021-02-28 16:39:01
6059a9fb13c2d72c713662cc,sissi_mueller2020,2021-02-17 18:31:50
605513adc731b41d98b7d795,natur_heilt_dich,2021-01-17 13:09:05
605a3946608183fd83368b15,golem_de,2019-09-13 08:39:14
6056359d296799fe8bda16fd,tazgezwitscher,2020-08-31 10:50:27
6053a1e4b2ebdf611cc12a02,uncutnews,2019-07-10 11:43:40
605481b255d7c70c944d261a,digitalpatrioten,2021-01-15 07:33:23
6054ba28ee31b3eb59fd6b46,systemgesund,2021-02-19 07:16:59
6059925df09994a54b367ea1,patriotswarrior,2020-11-06 15:46:48
6054e8a65247faefd9b7e998,artikel146,2020-12-20 14:53:34
6057f52d11a02a6f233bc5df,einfreundeinhelfer,2021-03-06 21:55:05
605478c3d765f81b394d77a0,ddb_radio,2020-07-12 12:50:14
6055bbd6ff0b2e8513da0761,kesselbunte,2020-06-23 20:45:54
6053900a94e7d5a17dc11bda,gurkenpauleseinflugschneise,2020-11-15 20:17:14
605342c5b3180c11e8c0f0fa,traugottickerothliveticker,2021-03-05 23:55:34
6053121a2679b99352c0ef70,b_info_audio,2021-02-28 01:10:45
6059fb6f38a0dac75b36703c,caduceum,2020-05-11 11:47:28
605509b61a47476ff7b7d46a,holistischegesundheitheilung,2020-02-07 18:37:00
60585a215f7a8f24cb36933e,weare17a_sky,2020-07-28 18:00:52
60560d8424a91ec648d9ec8f,newsbota1_bsa,2021-02-22 06:33:57
60561418bd7aaf419bd9f25c,heinrichs_gedanken,2020-07-03 14:16:07
605683d42c1ce1512b2cfbfc,ohtvnews,2020-10-11 22:24:40
605997fc541a9773563660b7,kraftdernaturgesundheit,2021-02-07 14:43:25
60545f5f38259c4d2c382a28,frmawa,2020-12-17 06:27:02
605200a3207466b93f4507e8,attilahildmann,2021-01-24 22:00:29
6055f9b7d8e46519d7da7b2f,rbk_2020,2020-03-09 07:13:21
60526bc20d5472d6b4955adc,sicherheitshinweise,2020-02-26 08:43:36
6053abfa7de3c97314c0fdd1,gwisnewski,2020-05-05 21:00:21
6059979d02b660aa3e3660c5,demofueralle,2020-10-28 14:40:45
60537aeb9ee42ac887c0f7d1,freeyourmindkanal,2020-10-18 21:44:05
60551e134c86b9c04cb7f125,zuendels_bunker,2020-07-15 21:08:42
605a284c182f70a392366152,augenaufmamusik,2020-12-16 09:04:43
60579bf7398b067c3260c558,echtzeitnews2021,2021-02-10 14:09:45
60545e4e10ff7437f53821e7,infokanal_muenzenmaier,2021-02-01 19:47:47
60537fe69a15d35bc1c12f08,cdefghijkxxz,2020-08-01 15:22:34
6059100f4ff2acf5f5366203,q_operation_gargamel_telegramm,2021-03-09 19:20:36
6055c8e12664fe1761d9ec7c,hgmaassen,2020-07-14 13:07:10
605632a336c5e4daf5d9e8f2,patricia_erinneredich,2020-07-02 19:49:26
60550c65926dc769f3b7fd7c,extremnews,2020-09-10 22:43:34
6057b4c36dddf394b83bc873,thewolfbyyourside,2020-11-23 10:36:18
60563377af0782761ed9f425,information2015,2020-04-25 17:15:15
6052356606ebe0df152fa1bf,nocoincidence,2020-11-24 20:07:21
60562d7a66e20f0e4cda08b0,coronaunddasaufwachen,2020-11-13 16:19:24
60579e76ec4bb7b64260dff2,nonwotesttesttest,2020-09-18 22:29:29
6057f1c67849d7651f3be567,armeerundschau,2020-08-22 23:00:31
60538cada8bd4e6203c0fde4,technicus_news,2021-01-06 19:25:56
6053145b2679b99352c105df,b_info_audio,2019-12-01 17:33:40
6054f3c353ece65ce1b7da01,mutflash,2021-02-21 12:36:28
60573d3156d26cdee3c925c6,wahrheitundklarheit,2021-02-18 16:39:49
605843ab30f3f243de3bfd61,wachauf,2020-07-15 19:27:08
6054c7938bbed3bc5afd6c30,expresszeitung,2021-01-13 06:43:01
6057cb2b1b15a845d33bc657,florianfriedensfahrzeug,2021-03-14 06:48:30
6057d6b7cca93657a93bda1b,indigo_kinder,2020-11-19 10:07:20
60594e5038c2b0e1b73660e6,tarnkappe,2021-02-01 17:04:47
60596ed83282df90f33660ee,qenlight,2021-01-28 21:15:30
6053131c5e4e31e2f1c10824,kenjebsen,2020-12-16 14:00:02
60572acd06e5dfebd7c92bc1,wissen,2021-01-16 06:35:56
6059aa1415a2e1385036663e,gjradiostation,2020-05-04 06:54:47
6054910292c52865064d62ac,contracoma,2019-09-30 18:55:24
6055d2526159f40583d9f375,digitalsoldiersgermanynews,2021-02-11 17:22:17
60576b1355896b759160cc41,fightfqrtrump,2020-12-02 22:09:32
60588ce6a42d91c9e136806c,corona_virus_2019_ncov_info_chat,2020-03-10 21:56:15
605696026b7c2568ef2d30c3,donmurphyslighthouse,2020-08-07 12:19:38
605866684cfb5f8f59366534,zenitvorhangauf,2019-06-21 18:13:28
605774e378cb8a651560f0dd,freidenkerin2021,2020-11-11 09:24:01
6057dc100c199c40b23bc64e,aflepton,2021-03-03 22:50:29
60552e503df9ed0b73b85ab1,ntvde,2020-01-18 16:22:56
60560f263f1cde9522d9fa03,ddddoffiziell,2020-10-26 07:36:36
60521f570d0cf887b2450f90,whiteroses2021,2020-07-12 11:58:00
605294024e00c38e0a95965f,sonsofpatriots,2020-11-30 12:25:09
6059fa6d1141383ceb366185,heilungsdosis,2021-01-13 20:40:44
6055ba44a5c54cb93ad9f57b,newspicker,2020-04-15 11:53:48
6053351eda0f4133b8c0fb65,deftiges,2020-08-26 22:44:32
6054981e3d716ae63f4d29aa,dietagespost,2020-04-30 13:39:39
60521de4d2a3d121004506b6,qpluswatnn,2021-01-10 16:28:15
6055cae32cbb98c1fad9f6a0,omegatvb,2020-11-23 22:23:48
60527463827d945d1695a3c8,into_the_light_news,2020-06-21 15:03:21
605204597fbae386554550e9,einzelfallinfos,2019-10-25 07:31:28
60578c63eeda3c754d60ce76,hansgeorgfroboese,2020-05-04 17:58:08
60551b19cc13e07535b7db96,hexenwerk_pamtschi,2021-02-19 18:06:04
6055cfba5268c9940eda27c6,wahrheit_s_w,2020-10-08 06:10:18
605379c9b0c765a40fc0ed0f,diplomateninterviews,2020-11-26 22:24:44
6054fddd49ed8ecc45b7d9d4,freiheits_news,2020-09-02 19:50:55
605210abd357ddf04944fad3,karllauterbach,2021-01-06 21:34:15
60538c20f0d6c697e4c0f6ff,antifaaufklaerung,2020-12-19 09:36:49
6055e418f6bbcd7175da4d49,talawolf,2020-01-05 22:56:41
60535108c21fcd74a9c1220a,vereinigtewahrheitsbewegung,2020-09-22 18:07:53
60534e33d10d3cd90ec0fda1,truelife18,2020-01-01 17:35:32
605923e84749f460eb365fa0,qage2020,2021-03-08 13:02:08
605475c5f5b1312eea4d505c,zaronews,2020-02-29 11:09:01
6054747c23495c93c34d2cfd,dfjinfo,2019-10-18 12:57:48
605a48d477b13efa303666d5,indiesergruppewirdnichtgelogen,2021-01-25 13:13:52
6057dc4ee67135dfbf3bc783,trustandlife,2021-01-29 19:44:51
60572a5ed81900375dc93371,tagesschau24,2020-11-27 14:45:01
605a06cede26ef3a9b36650e,saraslightfight,2021-01-23 09:57:02
605472f7310f6467f94d1db6,dieunbestechlichen,2021-03-06 13:02:52
605364b1ae2606b659c0ec42,kulturstudio,2021-01-06 21:14:56
60535994a0b1823404c186d1,waternixe,2019-08-16 17:25:20
6056429783455f02b8d9ef59,donttrustthemedia,2020-12-19 18:56:46
6059562b8e713eb7d43662f9,qukehighwalker,2021-03-04 15:11:24
605966f930a7911b9e3663bc,gibdirboes,2021-01-17 05:35:39
6052092c58b5eaca03456925,insvenswelt,2019-04-27 04:37:22
60550b1fe0fc5ed502b7e3b2,stefananonwwg1wga,2020-12-20 22:48:09
6058d5d670f11f0113366296,redpillyoutube,2021-02-01 18:53:18
605806ccdcaf8dab3d3bc974,lichtarbeiter2020,2021-02-08 05:34:23
6052823a18a3d2673b955f12,keine_ird,2020-12-07 19:34:45
605889686bf4f88007366164,unterweltnews,2021-01-14 16:36:03
6059222e1a2bbf087036a3a4,infokanalaussachsen,2019-12-30 20:47:28
60567e5795f762e7a02cfe19,almacrowdfunda,2020-10-27 18:20:04
6055fe5a0a59576a7dda12e7,ballweg,2020-09-28 15:49:48
60588b0da42d91c9e1366edb,corona_virus_2019_ncov_info_chat,2020-08-19 10:37:43
6058df59f6db3835bc36810d,q17trump,2020-10-19 18:26:28
605921511a2bbf0870369a9a,infokanalaussachsen,2020-03-16 20:57:18
605612e3c0c7e32824d9eaa7,spirit_of_life,2021-03-11 16:55:15
60568036202d328c302d0f07,insomnia7806,2021-01-06 13:36:41
6056182f9106956f93da1ad6,unzensiert,2020-08-10 14:59:36
605370252e2615b5fec0e95e,thueringer_widerstand,2020-08-16 11:22:17
6052044192c67d3aac453373,lutzbachmann,2019-03-15 22:16:11
60529ddca5f436df8995735e,demotermine,2019-07-20 08:33:53
60537c26063524b4d7c0ff5b,markus_lowien,2020-11-01 23:46:31
60521fb6b6056e9d2b451289,q_for_you_news,2021-01-27 17:28:05
60547356310f6467f94d2101,dieunbestechlichen,2020-09-17 13:55:19
60591c89a192522bac36638b,volksbefreiung,2020-12-06 12:42:30
60521152d357ddf04945020f,patrioten24_kanal,2021-02-08 12:38:41
6058f64d92dcb2956036725d,wohlan,2019-09-11 17:12:54
60585bfa650f748dc3366229,diewahrheithilft,2020-12-16 18:48:46
60537c7bf69cd0449bc10575,weltfrieden_20202021,2019-12-16 07:19:08
605681a7202d328c302d1c58,insomnia7806,2020-12-18 21:21:25
6053347ec3e9112256c0f837,waldgangalbdruck,2020-12-19 13:55:44
60579d83ec4bb7b64260d70a,nonwotesttesttest,2020-11-12 19:44:33
605610f524a91ec648da2599,newsbota1_bsa,2019-03-08 07:29:14
60539556528ac53e53c0ead2,infonethh,2020-11-20 10:02:41
60522a9b97d4fc578a44f929,wirstehenauf_oe,2021-02-12 20:41:57
6057514cde6074e603c920bc,suefortruth,2021-03-06 11:04:10
60563e17c6a1cc1c7cd9f541,patriotischerinfokanalschwaben,2019-02-07 10:57:40
60526e97b9ee1f757e957640,tayssen,2021-02-09 20:12:37
6055fcdfc5c33e653ad9ff7f,schubertslm,2020-11-28 23:21:40
60573c698be29f7c39c921b9,gruene_de,2019-12-06 14:02:18
605a27f86cc21077ec36609e,chrisfanbowissenswertes,2021-03-10 19:12:52
60537a00e7b0947e37c0ef91,patriot_bayern,2020-11-04 23:46:26
60550fd996cc72961fb83af9,wirtschaftsnews,2019-05-26 21:57:25
6054da6ba408238bbbb7d216,miesenews,2020-11-22 14:52:05
60534b9d2e37b25760c0edb5,pressecop24,2020-11-14 10:37:37
60591de087b75e895e366eb6,suellaskanal,2020-12-21 18:11:35
60552b433df9ed0b73b82b37,ntvde,2020-06-05 08:08:29
60588a6aa42d91c9e13668c4,corona_virus_2019_ncov_info_chat,2020-10-28 20:44:09
6055fb58fd3b129f6ed9ec0d,ayse_meren,2021-01-30 21:37:40
60524532aa21af7c4c3059f6,diewahrheitundnurdiewahrheit,2019-07-15 09:30:39
605728fa2dc59e653fc91f4d,zsm20datencenter,2021-03-08 06:20:56
60529c221554241e8495607a,volksentscheidmf,2021-01-07 12:32:07
60552f803df9ed0b73b86e73,ntvde,2019-11-21 00:28:09
60572f58dac92ad8a3c95f21,derlegioncondor,2020-08-07 13:58:31
6053ac2f4305d9001ac10612,trt_deutsch,2020-02-29 21:27:02
6059e3690bb0d7956b365f7e,q_infos_und_mehr,2021-02-19 21:25:35
605205a21da6a54c2d454e18,qlobalchange,2021-01-19 18:36:14
6058422563600494f03bd4a2,newsarchivnr1,2020-12-07 14:59:45
6058fe43a372c8ee1436b46f,spirituelleserwachen777,2020-10-08 07:31:01
60526dc38e3f452abd956c4b,vollekannetrost,2020-12-14 13:42:33
6054dab31240e5620db7d460,hintergrundfakten,2020-12-12 12:44:59
60578cf6eeda3c754d60d3c5,hansgeorgfroboese,2020-02-07 18:09:16
60576ffb3bb6af174c60c3dd,wissenswerteinformation,2020-12-08 19:30:04
60550a8c96cc72961fb7e1a7,wirtschaftsnews,2020-08-21 12:40:23
6054f30dbb0b3ecfdbb7d288,teambystron,2020-12-15 12:59:29
60528e84347dd274f695655f,pankalla,2021-01-16 00:40:19
6054cba9e144c274a0fda12c,paulapcay,2019-06-20 08:49:28
60561a869106956f93da3488,unzensiert,2020-04-16 17:43:50
605a06932095b610ad3663b8,operationrubikon,2021-01-31 19:15:38
605371b683e6687ee3c0f6de,neustart_jetzt,2020-12-08 19:15:08
60529d6ff9b2346362956ae1,ganzheitlicherneubeginn,2020-09-16 20:43:50
605327eb172abe38c0c1139d,wim4u,2020-04-27 09:33:04
605526fe6e0fc844b3b7e32b,brd_rechtsgrundlagen,2020-10-22 22:41:02
605716f43f8d0ff1d6c92262,wiklichmental,2020-11-11 17:25:35
605730e0d81900375dc99873,tagesschau24,2019-02-14 04:10:02
6055dffaf6bbcd7175da1c49,talawolf,2020-06-29 14:41:17
60591c2712dbee0698365f6c,artefaktmatrix,2021-02-04 07:08:05
6053ab9f19d9048820c0f82d,lionmediatelegram,2020-06-02 11:59:48
6058bb61bc7b62883c3670e9,wethepeoplegermany,2020-12-22 13:37:21
6054bd6622c9e28c3bfd8813,marco_b_kanal,2020-12-17 12:21:48
6059fa7138a0dac75b3664f9,caduceum,2020-11-18 08:21:07
6057ffbe91256f6b3f3bc818,heilungundseelenfrieden,2020-12-11 07:51:15
6057ff7e91256f6b3f3bc737,heilungundseelenfrieden,2021-03-13 07:00:12
6058557681860b5663366531,eyesonlyblog,2020-09-15 18:05:26
6053269d36af8b2ccac10521,zukunftsfabrik,2020-12-10 15:37:30
605622f0d5f593f0cbd9e8a9,helgelindh,2021-02-24 17:34:10
6053aa828518250249c0ea78,gottistgutzujederzeit,2021-01-03 09:06:02
605475adf5b1312eea4d4eb8,zaronews,2020-03-24 12:26:08
6053340850c6487156c0f424,illuminati_news_tv,2020-04-11 10:28:21
60532524172abe38c0c0f7b1,wim4u,2020-10-29 14:40:18
6055e2fef6bbcd7175da3e16,talawolf,2020-04-01 07:52:11
6058c3126b7f34213f365f61,politikwirtschaft,2021-02-11 05:31:41
60522aebc7a95c51dc44fcfd,vadderlands,2020-08-23 13:26:53
605206775c9a117ec7455f33,evahermanoffiziell,2020-06-22 00:09:21
6057e5a33fadd934533bfb31,geomantieheiligegeometrie,2020-10-24 20:37:44
605477b9f5b1312eea4d7619,zaronews,2019-06-04 09:13:07
6052083a58b5eaca03455d52,insvenswelt,2019-08-09 13:00:41
6055e876f6bbcd7175da87aa,talawolf,2019-07-25 19:31:41
6054f2e424023ad4b1b7d1d9,anonymousop,2020-11-27 02:52:13
60537fe69a15d35bc1c12e84,cdefghijkxxz,2020-07-30 20:44:25
6054732a67e23e337f4d1f7a,demokratieinwuerde,2021-03-07 18:15:11
60532e00fc8e35cca1c0e89f,gunnarkaisertv,2021-02-25 20:04:45
605325f4172abe38c0c10062,wim4u,2020-08-29 14:48:01
605396e0655a6bd27cc0fe9b,rubikonnews,2020-03-22 15:08:15
6053956f1f120b8d94c0f320,atlasinitiative,2020-03-03 20:32:38
6055e854f6bbcd7175da84a5,talawolf,2019-07-26 21:14:59
60534bf8eee2853b77c0ee18,tinaromdhanikanal,2020-09-25 07:59:46
6057b5b5022cd516a83bd29e,denkmalwieder,2020-12-05 12:53:59
605991420c1a9b9391366f7c,isowlight,2020-10-07 11:41:49
60594a65b55ab74d10367a85,bundeswehr_de,2020-10-26 11:08:43
6055ff959cc66ebe8fda15cf,join_platt_form_now,2020-11-07 18:04:30
60523ba5aa21af7c4c2fe366,diewahrheitundnurdiewahrheit,2020-06-03 11:01:39
60561e619106956f93da6125,unzensiert,2019-09-24 17:32:49
605751ce9c6f802730c92737,ausgegraben,2020-09-14 19:44:50
6055cefe913809fe67da300b,qanalwwg1wga,2020-07-02 20:00:15
6052643acc716d6b80956d09,wahrheitstraeumer,2021-01-11 18:13:30
60551b004341d7b5d1b7e21b,denkwuerdig,2020-10-12 16:03:18
6055df18f6bbcd7175da1239,talawolf,2020-08-10 07:41:43
6057caeb303421bf7c3bc535,kurzvideosvv,2020-06-14 19:35:33
605366e4522c270e88c103e4,weissesarmband,2020-12-27 18:59:04
6057f5f7b75486c97e3bccfb,fruehwaldinformiert,2021-01-25 12:23:07
6054b9ac2ddb0793dbfd698d,berlinmarkbrandenburg,2021-03-07 08:00:25
605a360977d1dc1663365f95,itundsicherheit,2019-11-20 07:59:01
605968d830a7911b9e367533,gibdirboes,2020-08-05 03:40:40
6059aae313c2d72c7136683f,sissi_mueller2020,2021-01-06 21:41:32
605335b332f938a992c1007a,patriotsandra,2020-08-10 21:53:52
60539f32e25f127178c0f762,muratoezkan,2020-10-18 11:17:02
60561bfa9106956f93da444f,unzensiert,2020-02-23 12:11:38
60550bfca17e4a0c94b7e644,behindthecurtainger,2020-04-07 00:08:25
605204e13e09b72d0a453e14,staatsversagen,2021-03-08 18:25:56
605632d9af0782761ed9eb99,information2015,2020-12-10 03:07:09
6054f7f653ece65ce1b80d8a,mutflash,2020-11-12 20:47:29
605313b0b3d7c17b81c0fa81,kreismenschsein,2020-08-17 20:57:17
605334a54ccf67b3e2c0f423,koronaakte,2020-12-14 16:15:30
60521ec80d0cf887b24509dd,whiteroses2021,2020-10-16 06:56:20
6053342a4ccf67b3e2c0ee17,koronaakte,2021-01-03 20:16:21
6056186e4a7c0d0e24da39e7,behoerdenstress,2020-03-15 08:51:03
60532f104c1b6f3d3cc0f019,goldenagenetwork,2020-09-30 08:16:38
60565ca9a4d63bc205fb4241,gesundohnerezept,2020-12-26 12:15:00
605268552443b0f1ee959de8,deepstate_is_in_deepshit,2020-09-02 20:11:09
60598b62f3a217f428368bc6,wir_schaffendas,2020-05-11 12:35:11
605497dde1b732124b4d20f3,vaxxed_greatawakenig,2020-09-29 03:59:48
6054dee269a2389233b824b2,stopthecensorship,2020-02-24 20:10:49
60572d67d81900375dc960c3,tagesschau24,2020-01-28 19:40:01
605676733ebd83c30e2d2044,arniesnews,2020-05-01 11:45:56
6053878aed2127b15fc11a82,journalisten_watch,2019-10-18 07:01:03
6055f02e58052be80eda1a8f,sputnik_deutschland,2020-06-29 11:52:31
60528f6920ece51484956c60,lichtmenschen,2020-07-13 14:28:50
6054977b3570492c1b4d1eb5,impulsgeberrobertplucinsky,2021-02-10 17:38:46
6055140531306c0f24b7dc77,aktivistmann,2020-09-03 14:14:52
6055ff639cc66ebe8fda12fa,join_platt_form_now,2020-11-11 21:28:27
60547e57d765f81b394dd676,ddb_radio,2019-11-16 19:03:00
6057295e9500ba28c4c920d8,mahnmal,2021-02-26 19:03:58
60560fc624a91ec648da0ec4,newsbota1_bsa,2019-09-02 06:28:14
605525d8146e024f79b7d95f,marioamenti,2021-02-18 13:00:40
6057eef993479e67ab3bc657,mitschk,2021-02-17 06:18:07
60585d018edfaa4977366802,balera2020share,2020-08-13 10:34:21
6053358243da348299c11024,anonymous_demos,2021-01-30 15:06:34
605a3925608183fd833689fc,golem_de,2019-10-15 15:01:17
6057931a3aa3ffdf3060cee7,lichtist,2020-12-01 20:18:44
605a0208b2b83bffcc3684a3,qpaper_berlin,2020-11-14 15:27:45
605387c1c06777bea2c10a7e,geheimeswissendereliten,2020-06-30 16:20:37
6059a115f0192a5d4c366a34,bkalesnikow,2020-07-14 15:21:21
6056154d1536696818da006f,derdeutschamerikaner,2020-06-05 06:49:44
605208f5207466b93f455e15,attilahildmann,2020-07-22 04:54:58
60579110480781e5c360c377,kaiman_news,2021-01-14 14:44:22
605613085c6a92c71bd9ea15,picktureit,2021-03-13 10:34:32
6056198e6c60be8f6fda4723,spiegelonline,2020-04-29 10:03:02
60534c910c257157f3c0f35b,liebeisstleben,2021-01-31 19:16:27
60520958207466b93f4565c4,attilahildmann,2020-07-16 14:13:08
6054737b67e23e337f4d2353,demokratieinwuerde,2021-01-16 08:05:13
60598786f3a217f428366836,wir_schaffendas,2021-01-28 10:22:13
605203a47fbae386554545ab,einzelfallinfos,2020-01-21 16:22:14
60526df50d5472d6b4956e4b,militarbeobachter,2020-11-08 10:45:34
60594d1cb55ab74d1036a024,bundeswehr_de,2020-02-26 14:01:28
6053143d2e85e08a9ac100fc,qhammernews,2021-02-11 18:03:10
6057127d14f6b3d073738579,nevergiveupthetruth,2020-09-05 19:41:44
60534d1215b1562175c0f884,augenaufma,2020-09-30 07:15:57
605206985c9a117ec745617e,evahermanoffiziell,2020-06-18 12:24:40
605674c2ea426b898e2d0cfe,rausausdemkonstrukt,2020-12-01 04:42:26
60549769511e57b2a14d1d61,wolfganggreulich,2020-11-17 09:37:21
60526c1e8e3f452abd955e9c,diewelterklaert,2021-01-25 10:57:51
6058ac82f9630d1285368a0e,nichtsalsdiewahrheitde2020,2020-11-10 23:59:28
6055d1ea2d6f3c7d4bd9efc2,royalallemand,2020-08-16 16:46:26
605281c59ae7af43c8955d07,blauerbote,2020-11-17 22:31:16
60538c4329bfc3dedbc0f47d,stuttgartgrundgesetzdemos,2020-12-01 07:36:11
605616404a7c0d0e24da184a,behoerdenstress,2020-07-27 13:44:16
605a21120155bf9540366411,angela_dorothea_merkel,2020-06-19 14:03:16
60578b2beeda3c754d60c397,hansgeorgfroboese,2021-02-07 10:06:12
6051ffb7e0a38c0d014500a2,der_volkslehrer,2021-01-11 20:36:49
605212abe22eda1ba8450ed7,buergerinformative,2021-03-05 21:30:15
605665d3adca04fc5cfb7032,severinswelt_folgen,2020-11-18 18:56:00
60581565cb57acfd4a3bc764,gedankenreiseland,2021-01-21 18:23:21
6054dc2b1240e5620db7d7aa,hintergrundfakten,2020-11-05 21:45:59
60578b6607796dbc0e60c647,frequenzen_mit_wirkung,2020-09-05 09:01:31
6057ceea5f397a625f3bc543,nanoapi,2021-03-02 00:48:50
60532eb58bae4729eec0f0c6,junge_freiheit_de,2020-06-03 15:01:23
6055f8f4d8e46519d7da708f,rbk_2020,2020-04-03 05:21:43
60561ead9106956f93da6488,unzensiert,2019-08-25 14:54:39
60576113faf6bed41bc91eaf,who_de,2020-07-09 10:20:08
60592f0939bf194999367f10,andreasbeutelpythagorasinstitut,2020-07-02 19:02:15
60529e3d55f4032ad0958fc6,bewussttv_blaupausetv,2020-03-04 22:09:35
60572c1806e5dfebd7c93738,wissen,2020-12-08 10:09:26
60566174f7fba83629fb3eb3,emis_treptow,2020-10-08 15:51:41
605778af2af4028e1960c67a,maria_lourdes_blog,2021-02-01 14:51:09
60537e19435ead3013c1215e,patriotnews,2020-01-05 11:47:12
6057dbfe88f8df11b23bc5a5,munkeltman,2021-02-05 22:06:16
6055fbea368d6d7a5ed9f0b6,unbequemewahrheit,2019-11-03 19:08:50
605512fb15fbd9fdbab7d244,pboehringer,2020-11-02 17:55:14
60521256d3204aac6245090d,meinednews,2020-12-31 00:33:59
605385836cf2502789c0f5cd,mindofheart,2021-01-13 15:00:43
6054e9715247faefd9b7f46d,artikel146,2020-11-26 19:33:38
6057caf4ab9b8d94573bc530,die_linke_de,2020-11-26 21:10:14
6055de95f6bbcd7175da0ce9,talawolf,2020-09-03 05:55:34
60590835c3dd872d18367762,axelsinfokanal,2020-11-10 13:31:59
6057b5dc757db7472e3bd2e0,freier_informationskanal,2021-01-31 22:47:49
60552a3a3df9ed0b73b81bd5,ntvde,2020-08-02 11:15:56
60551a31bdb67b733eb7d896,jackdawkins,2020-08-02 21:01:42
6053970c655a6bd27cc10022,rubikonnews,2019-10-22 10:53:15
60575a8ed017afd7e2c921af,udogrube,2020-06-29 13:18:29
60529c02f9b2346362955ec8,metapedia_deutsch,2020-08-07 07:21:51
6052355776fb844c992f9c8e,wilmchensturkopf,2020-11-26 14:56:35
6054f42753ece65ce1b7de6e,mutflash,2021-02-14 10:40:17
605986fdf3a217f42836641a,wir_schaffendas,2021-02-25 08:31:06
60521189bcb778204345011e,aagermany,2020-02-02 10:46:26
605617206c60be8f6fda2238,spiegelonline,2020-09-09 08:52:22
60579163cf2875d60060c6ad,greatawakeninguk,2021-02-11 06:28:42
6054750ff5b1312eea4d440e,zaronews,2020-06-26 13:14:07
605205621da6a54c2d454a74,qlobalchange,2021-01-29 19:31:06
605474e267e23e337f4d3796,demokratieinwuerde,2020-08-01 07:05:19
605485548d7e3759424d58fa,antiilluminaten,2019-10-08 22:16:45
605775bc78cb8a651560f872,freidenkerin2021,2020-10-25 13:00:13
6058f556a372c8ee143663fb,spirituelleserwachen777,2021-03-07 12:08:59
60585c7a8edfaa4977366456,balera2020share,2020-09-25 20:39:25
605601459cc66ebe8fda2909,join_platt_form_now,2020-08-29 18:44:08
6054d55832f74635cbc33711,bewegungosna,2021-03-12 08:44:02
6058f75037f9a50ffa367503,qanencannelhh,2020-12-28 11:45:47
6059c898207245ee4c36b6cd,channelwhatthafuq,2020-06-05 19:34:23
6053ac011286b5ff4fc0f9d3,majasprichtklartext,2020-07-24 00:08:12
605207b058b5eaca03455864,insvenswelt,2019-09-21 14:49:29
6055e9bff6bbcd7175da994c,talawolf,2019-06-23 08:02:57
6059d4b3187e9d83a436644c,katjaundholgernlc,2020-08-21 13:36:22
60536fee2e2615b5fec0e778,thueringer_widerstand,2020-12-02 06:35:20
605a06d05905a5d48a36656d,netzwerkkritischerexperten,2021-02-16 12:30:14
6056233ead66079d6fd9e92b,bibliothekkvc,2020-06-30 23:12:01
60548b89abe841cf724d1bf3,q74you,2021-02-27 05:41:44
6054bc8b22c9e28c3bfd8003,marco_b_kanal,2021-01-09 18:47:50
60550979378eb0aac3b7d4d8,junge_freiheit,2020-12-17 09:32:04
605a4db877b13efa303695f1,indiesergruppewirdnichtgelogen,2020-08-06 12:20:02
60532b827c76bebb9dc1453d,q_d_r_a,2020-08-04 23:36:59
60538480ed2127b15fc0eea6,journalisten_watch,2021-01-14 11:59:52
6059f659d9b5ba875a366739,exitmatrixnet,2020-12-01 19:50:31
6054c75d8bbed3bc5afd68df,expresszeitung,2021-02-04 09:42:02
60582accb4a71882a43bc979,mensch_oder_buerger,2020-05-31 19:46:51
60548e4592c52865064d3da1,contracoma,2020-08-12 09:18:26
6057642888c7831cc2c949f0,russiatoday_de,2020-02-12 07:23:29
60549889800bb500b84d302c,freiheitfuerdeutschland,2020-06-05 13:10:27
60523428b0a2a122e02f9206,zerstoerungdernwo,2020-11-16 15:58:04
60539e73348875c05bc0f0dc,infowelle,2020-09-17 23:29:59
605205cee0a38c0d01456305,jouwatch,2019-01-01 18:00:56
60582ca126cd8ba04b3bda1c,auf2020auf,2020-10-04 10:14:42
6055bd9f03a8cf1f93da181a,mh171702q2q,2020-11-07 23:57:20
605213d895e206437d450df4,xavier_naidoo,2020-10-23 11:40:09
6055dd60f6bbcd7175d9fec7,talawolf,2020-11-08 06:01:16
60589d8f1877d0666436604b,unchartedtv,2021-03-11 21:58:04
60538a4a361eb24bb0c0e73c,querdenken_284,2020-11-28 08:50:35
60529dc755f4032ad095894a,heikoschrangtv,2020-03-13 04:58:40
6055f0b258052be80eda220b,sputnik_deutschland,2020-06-01 14:52:11
60581635cb57acfd4a3bd1b9,gedankenreiseland,2020-08-31 21:18:12
60594e7e4b049c02ec3663cf,corodok,2021-01-24 17:16:21
60537ae8063524b4d7c0f367,markus_lowien,2020-12-24 12:07:19
6055bb97a5c54cb93ada08f6,newspicker,2019-05-26 14:32:39
60529e75e8d9b9b5919578bf,valkuerer,2020-12-17 21:08:15
60560fea1e54bfece4da05e8,kaiservchina,2020-02-06 09:55:15
6058fb2aa372c8ee14369548,spirituelleserwachen777,2020-11-06 16:39:27
6059ceda2a775c6da53682dc,qv_teamnews,2020-11-30 21:57:43
6055bca703a8cf1f93da0c3e,mh171702q2q,2020-11-22 13:23:11
6055f09258052be80eda1ef1,sputnik_deutschland,2020-06-04 11:46:12
6059d43046c2be23b8365fff,tobiqq,2020-12-06 20:16:02
605672fa7e275224102cfb78,mrsnuggles58,2020-12-05 06:30:48
60528fc8fa1d37538b95729e,freyjasbulletininternational,2020-10-03 21:18:14
605680945e55bc3d2d2d1a44,qlartext,2020-07-06 19:57:19
605a20c299e7cc76693660e3,wissenseffektspirituell,2021-02-22 16:46:29
60532bac36af8b2ccac148b4,zukunftsfabrik,2019-01-05 19:03:20
60534958d71e68f68ec13ee1,q_gold,2020-09-17 21:06:31
6054eedf5247faefd9b83a9d,artikel146,2020-04-18 18:34:54
6055edd8f7099c2a96d9f2ec,nityatelegram,2021-01-24 13:41:08
605a3769e8e30fc2dd366a74,zurueckzuuns,2020-06-21 20:41:04
6057703743cddce45a60ca95,rtdeutsch,2020-12-16 13:49:27
60550047c00fc61e2db7ef55,macklemachtgutelaune,2020-12-15 12:19:38
6053365dc3e9112256c10ea9,waldgangalbdruck,2020-07-23 18:31:39
60595dfde31e85dbed366842,folkright,2019-12-14 03:19:49
6058d592800dfb45b53660ee,ken_fm,2021-02-16 18:23:12
60532aa4172abe38c0c13395,wim4u,2019-10-09 06:27:35
605206b17fbae38655457d36,einzelfallinfos,2019-02-23 10:44:07
6058e1d226a83b7ab9366481,netzwerk_demokratie,2020-04-18 07:10:43
605527fc6e0fc844b3b7ee4c,brd_rechtsgrundlagen,2020-08-26 15:54:47
605778cd409d0f1f8560c7ee,awake2paradise,2021-01-23 11:21:18
6058af9f841cb4d3c83666fd,ludmarx,2020-09-04 08:07:50
60580020cfc620678c3bd193,olivesenst,2021-01-16 15:01:06
6059a9b913c2d72c71366158,sissi_mueller2020,2021-03-11 22:29:13
60538e26a8bd4e6203c10d8e,technicus_news,2020-12-03 13:21:39
605371552cefbf6aafc0f3ff,corona_big_change,2020-12-21 17:20:34
605528eaea54dee495b7fda5,fufmedia,2020-08-12 06:55:14
605383f1ed2127b15fc0e7cd,journalisten_watch,2021-03-06 19:02:38
605324f7172abe38c0c0f6ca,wim4u,2020-11-14 19:01:52
605a08c96ece139efa366095,top20radiomedicorona,2021-03-08 06:33:57
6053253a7c76bebb9dc0f9b5,q_d_r_a,2021-01-19 12:05:42
60594ea84b049c02ec3665ce,corodok,2020-12-28 22:44:27
6059112b78e2029f58366b6d,ichbinwissen,2020-12-14 13:20:48
60588a57b6c1410f4a366811,pegidasven44,2020-09-26 22:06:35
6055eccb628f715665d9ec85,vogelperspektive2,2021-03-09 16:21:55
6055e06c5949a7a7a5da1ee4,qwwg1wga16plus1,2020-11-14 16:48:05
6054eafeeac00755ecb7fabd,untersbergspiritinfo,2020-05-06 13:09:38
605646130a49478327fb3e1b,dasdeutschereich1913,2021-01-28 08:01:39
60532eb58bae4729eec0f153,junge_freiheit_de,2020-06-22 11:13:40
